year,deepest_sensor_depth_m,ID,Easting [m],Northing [m],deepest_always_above_zero,deepest_always_below_zero,mean_T_50cm [°C],mean_T_80cm [°C],mean_T_100cm [°C],deepest_0iso_m,ever_frozen,days_0iso_present,days_0iso_below_50cm,days_unfrozen_below_50cm,days_unfrozen,days_frozen_all,days_active_layer,notes,site
2022,-1.7,C0A3C3,442622.759,7206779.671,FALSE,TRUE,-0.222059449,-0.292916247,-0.292380122,-1.469154229,TRUE,213,162,90,0,133,140,,TL47
2022,-1.7,C12165,442921.083,7206631.869,FALSE,FALSE,0.475722134,0.284580592,0.201219992,-1.699999999,TRUE,218,121,121,24,143,154,,TL47
2022,-1.9,C1AC7C,442562.713,7206717.077,FALSE,FALSE,0.254103693,0.340018432,0.371602239,-1.847222222,TRUE,154,72,174,92,139,69,,TL47
2022,-1.7,C25936,442606.352,7206694.109,FALSE,TRUE,-1.688375352,-1.690057196,-1.627614348,-1.4,TRUE,219,163,56,0,130,154,,TL47
2022,-1.7,C35BC8,442308.79,7206502.683,FALSE,TRUE,-0.835960319,-0.867287348,-0.849739566,-1.693042453,TRUE,232,200,32,0,153,148,,TL47
2022,-1.7,C5A8A8,442509.397,7206740.347,FALSE,TRUE,-0.902123248,-0.875291686,-0.900174894,-1.585636856,TRUE,251,209,42,0,134,170,,TL47
2022,-1.9,C606A1,443056.112,7206604.05,FALSE,TRUE,-2.25004287,-2.397413628,-2.413432515,-1.136454682,TRUE,247,176,71,0,138,180,,TL47
2022,-1.9,C606A1,443056.112,7206604.05,FALSE,TRUE,-2.25004287,-2.397413628,-2.413432515,-1.136454682,TRUE,247,176,71,0,138,180,,TL47
2022,-1.3,C93D97,442911.431,7206764.845,FALSE,FALSE,0.427137446,0.602562737,0.698889002,-1.296212121,TRUE,259,137,175,53,73,118,,TL47
2022,-1.7,C98690,442591.381,7206723.448,FALSE,FALSE,-0.332376937,-0.231992949,-0.204163431,-1.7,TRUE,206,127,142,63,116,113,,TL47
2022,-1.7,C9B056,442311.178,7206465.443,FALSE,TRUE,-1.800259232,-1.912382925,-1.895459052,-1.545454545,TRUE,242,208,34,0,143,158,,TL47
2022,-1.3,CAA4CE,442733.952,7206640.709,FALSE,FALSE,-0.087785919,-0.111955843,-0.138036558,-1.3,TRUE,196,110,129,7,146,149,,TL47
2022,-1.7,CB730C,442361.346,7206816.571,FALSE,TRUE,-2.635445854,-2.806348085,-2.835256314,-1.082216495,TRUE,170,123,80,33,182,126,,TL47
2022,-1.7,CC24BF,442699.148,7206653.941,FALSE,TRUE,-1.439964594,-1.386927024,-1.353074821,-1.074137178,TRUE,250,181,69,0,99,156,,TL47
2022,-1.3,CD4D86,443045.582,7206869.71,FALSE,FALSE,-0.255288568,-0.36162608,-0.341023365,-1.3,TRUE,191,92,136,37,104,93,,TL47
2022,-1.7,CDE8C0,442328.646,7206686.356,FALSE,FALSE,1.641430508,1.411970131,1.291573093,-1.7,TRUE,237,130,202,95,53,69,,TL47
2022,-1.7,CEF27E,442335.382,7206506.984,TRUE,FALSE,1.894633641,1.892711877,1.895799835,,FALSE,0,,,106,0,,,TL47
2022,-1.7,D02A7A,442378.281,7206808.464,FALSE,TRUE,-3.120260718,-2.884713004,-2.668508045,-1.308527132,TRUE,211,160,69,18,156,141,,TL47
2022,-1.7,D217BF,442312.328,7206441.158,FALSE,TRUE,-2.497060494,-2.515267997,-2.423257022,-0.872777778,TRUE,223,143,80,0,162,163,,TL47
2022,-1.7,D32FDA,442559.025,7206722.986,FALSE,FALSE,-0.586311837,-0.52427723,-0.435840527,-1.699999999,TRUE,283,148,171,36,66,137,,TL47
2022,-1.7,D43F62,442312.053,7206451.884,FALSE,TRUE,-3.864921745,-3.599262683,-3.398909764,-0.911111111,TRUE,176,112,99,0,174,129,,TL47
2022,-1.9,D755FB,442593.969,7206719.685,FALSE,TRUE,0.581379839,0.031268791,-0.17657995,-1.776009501,TRUE,242,209,33,0,107,146,,TL47
2022,-1.7,DB6582,442588.233,7206717.047,FALSE,TRUE,0.293683945,0.027004832,-0.114822132,-1.652426343,TRUE,252,219,33,0,133,167,,TL47
2022,-1.3,DC5DCC,443055.276,7206616.256,FALSE,TRUE,-0.306491608,-0.483212004,-0.567398497,-0.970629699,TRUE,245,124,121,0,140,174,,TL47
2022,-1.7,DCCCB4,443054.387,7206551.433,FALSE,TRUE,0.148647146,-0.021512697,-0.146910176,-1.289354199,TRUE,241,186,55,0,144,179,,TL47
2022,-1.7,DD8AE8,442583.531,7206723.799,FALSE,FALSE,0.753813427,0.7781866,0.7121295,-1.689220628,TRUE,185,85,187,87,113,85,,TL47
2022,-1.3,DFC651,443053.602,7206669.769,FALSE,FALSE,-2.269737337,-2.056965047,-1.952907068,-1.3,TRUE,239,141,146,12,98,145,,TL47
2022,-1.9,E1A658,443060.43,7206546.353,FALSE,TRUE,0.948899307,0.578117476,0.4083313,-1.654937413,TRUE,243,196,47,0,142,178,,TL47
2022,-1.7,E27E79,443058.144,7206555.109,FALSE,TRUE,-0.266132192,-0.524009877,-0.677996077,-0.978956598,TRUE,242,172,70,0,143,182,,TL47
2022,-1.7,E294C3,442709.694,7206651.341,FALSE,TRUE,0.214977452,0.024072784,-0.113445287,-1.641000878,TRUE,262,217,45,0,123,178,,TL47
2022,-1.3,E440AB,442561.478,7206708.645,FALSE,TRUE,-1.82102905,-1.77153385,-1.736906372,-1.271440678,TRUE,191,137,54,0,158,147,,TL47
2022,-1.7,E6458D,442572.776,7206714.558,FALSE,TRUE,-1.952394967,-1.840046402,-1.830969739,-1.340033361,TRUE,243,173,70,0,142,179,,TL47
2022,-1.7,E7357C,443061.539,7206611.445,FALSE,TRUE,-1.368761113,-1.442425847,-1.391940018,-1.160283688,TRUE,244,180,64,0,141,173,,TL47
2022,-1.3,E749D3,442925.484,7206817.134,FALSE,FALSE,-0.840497422,-0.765649719,-0.678309279,-1.295099309,TRUE,218,119,172,73,94,104,,TL47
2022,-1.3,E82328,443045.817,7206850.755,FALSE,FALSE,-1.175769295,-1.087323905,-0.982943398,-1.3,TRUE,219,126,155,62,104,116,,TL47
2022,-1.7,E84531,442617.174,7206767.38,FALSE,TRUE,-0.441189495,-0.807141689,-0.777875478,-1.527963526,TRUE,261,220,41,0,124,179,,TL47
2022,-1.9,E87461,442343.414,7206683.679,FALSE,FALSE,-0.282972227,-0.392732207,-0.401122227,-1.898969072,TRUE,261,221,40,0,124,157,,TL47
2022,-1.7,ECC9BC,442354.04,7206820.08,FALSE,TRUE,-2.482423449,-2.779061689,-3.347158717,-0.954786621,TRUE,170,136,88,54,161,102,,TL47
2022,-1.7,EECBAF,442769.107,7206348.123,FALSE,TRUE,-1.948425691,-1.881466326,-1.824930515,-0.7,TRUE,213,116,97,0,172,169,,TL47
2022,-1.9,F13196,442924.429,7206567.828,FALSE,FALSE,-0.432145896,-0.302788667,-0.138422094,-1.9,TRUE,330,245,91,6,2,118,,TL47
2022,-1.7,F2CA5E,443063.468,7206550.918,FALSE,TRUE,-1.35022756,-1.225456747,-1.17381568,-1.218973419,TRUE,243,170,73,0,142,183,,TL47
2022,-1.7,F6A705,442313.724,7206415.761,FALSE,TRUE,-2.647466944,-2.546704344,-2.485889652,-0.896081633,TRUE,214,130,84,0,171,163,,TL47
2022,-1.7,F734DE,442950.054,7206631.623,FALSE,TRUE,-1.556551531,-1.468854487,-1.413257892,-1.380089888,TRUE,243,184,59,0,142,186,,TL47
2022,-1.7,F74E04,442759.33,7206424.073,FALSE,TRUE,-2.240779153,-2.237955654,-2.147628424,-0.988908513,TRUE,249,176,73,0,136,169,,TL47
2022,-1.7,FA5AC0,442759.726,7206436.96,FALSE,TRUE,-0.378297384,-0.60962604,-0.69558978,-1.139859045,TRUE,251,199,52,0,134,166,,TL47
2022,-1.9,FAF79B,442484.958,7206743.051,TRUE,FALSE,0.89594309,0.865009105,0.838316103,,FALSE,0,,,75,0,,,TL47
2022,-1.9,FBE2A4,442574.273,7206703.435,FALSE,TRUE,-1.551002135,-1.510401794,-1.482826047,-1.690291262,TRUE,229,185,44,0,156,180,,TL47
2022,-1.3,FCA834,442407.504,7206794.963,FALSE,FALSE,-0.469521511,-0.573033881,-0.563652199,-1.297518934,TRUE,197,160,79,42,146,118,,TL47
2022,-1.7,FE9CBF,442520.766,7206738.163,FALSE,FALSE,-1.364239302,-1.561421495,-1.440354511,-1.7,TRUE,277,206,86,15,93,164,,TL47
2022,-1.7,FF4CE6,442336.779,7206684.726,FALSE,FALSE,1.058395409,0.786271536,0.654928065,-1.7,TRUE,206,135,176,69,74,18,,TL47
2022,-1.7,FF8AC0,442922.787,7206617.542,FALSE,TRUE,-2.043176634,-1.381034231,-1.041431275,-1.579843953,TRUE,153,91,149,0,145,95,,TL47
2022,-1.3,C03F6B,454098.503,7180164.3,FALSE,TRUE,-1.153283405,-1.058918886,-0.907461419,-0.966225166,TRUE,215,166,49,0,130,132,,TL47
2022,-1.3,C12F41,455058.053,7178679.632,FALSE,FALSE,-0.218500088,-0.073018628,-0.075877758,-1.293650794,TRUE,282,192,95,5,57,129,,TL27
2022,-1.7,C3602C,454427.333,7179622.081,FALSE,FALSE,0.435472876,0.358959198,0.405730584,-1.699741602,TRUE,302,249,95,42,0,0,,TL27
2022,-1.3,CB7FCE,454099.654,7180165.575,FALSE,TRUE,-1.787019958,-1.352430975,-1.104303062,-0.8,TRUE,151,83,68,0,194,131,,TL27
2022,-1.3,CBE511,454123.829,7180118.41,FALSE,FALSE,0.145395543,0.033358601,-0.047622304,-1.290693165,TRUE,236,174,74,12,97,130,,TL27
2022,-1.7,CE9F5A,454824.91,7178919.719,FALSE,TRUE,-0.180580883,-0.220404811,-0.181942281,-1.249244713,TRUE,240,186,54,0,104,149,,TL27
2022,-1.7,CF296B,454161.051,7180102.519,TRUE,FALSE,1.257934197,1.55108713,1.856349091,,FALSE,0,,,61,0,,no_permafrost_possible,TL27
2022,-1.7,D53691,454920.926,7178789.085,TRUE,FALSE,1.5513402,1.43364941,1.439766844,,FALSE,0,,,107,0,,no_permafrost_possible,TL27
2022,-1.7,D82D94,,,FALSE,FALSE,-0.154529743,0.084227059,0.186248615,-1.483561644,TRUE,271,219,126,74,0,0,,TL27
2022,-1.7,D8A1E3,454394.141,7179633.639,FALSE,FALSE,0.550494972,0.16719818,0.068764634,-1.699999999,TRUE,238,195,43,0,107,136,,TL27
2022,-1.7,D9BAA7,,,TRUE,FALSE,1.167047321,1.056949343,1.070268655,,FALSE,0,,,72,0,,no_permafrost_possible,TL27
2022,-1.7,DB47B8,454428.062,7179608.165,TRUE,FALSE,1.709717707,1.513495478,1.306709045,,FALSE,0,,,98,0,,no_permafrost_possible,TL27
2022,-1.9,DCBCB1,454426.912,7179623.614,FALSE,FALSE,-1.108193743,-0.958459301,-0.835520257,-1.899999999,TRUE,209,160,49,0,135,131,,TL27
2022,-1.3,E1DF40,454099.528,7180161.798,FALSE,TRUE,-1.120081243,-1.099782485,-0.826767309,-1.014285714,TRUE,216,171,45,0,129,132,,TL27
2022,-1.9,E3F3FD,454905.336,7178825.818,TRUE,FALSE,1.219795703,1.262233018,1.333426729,,FALSE,0,,,70,0,,no_permafrost_possible,TL27
2022,-1.3,E423BD,454120.088,7180112.62,TRUE,FALSE,0.09737943,0.229684949,0.256188568,,FALSE,0,,,26,0,,no_permafrost_possible,TL27
2022,-1.3,E5EE35,455056.677,7178678.163,FALSE,TRUE,-0.29058867,-0.205932773,-0.082566176,-1.04,TRUE,275,192,84,0,68,143,,TL27
2022,-1.3,E65185,455055.755,7178679.039,FALSE,TRUE,-0.550289841,-0.271607735,-0.21663246,-0.837583893,TRUE,261,183,78,0,83,139,,TL27
2022,-1.3,E67801,454912.739,7178760.974,TRUE,FALSE,1.248426833,1.487048163,1.607602802,,FALSE,0,,,88,0,,no_permafrost_possible,TL27
2022,-1.3,E86314,454103.836,7180151.051,FALSE,TRUE,-2.15536901,-1.907988355,-1.633031741,-0.940540541,TRUE,176,105,71,0,169,129,,TL27
2022,-1.7,EADE17,454923.579,7178767.154,TRUE,FALSE,-0.546451706,-0.451721164,-0.127558867,,FALSE,0,,,12,0,,no_permafrost_possible,TL27
2022,-1.3,EFC9D8,454374.403,7179607.219,FALSE,FALSE,0.069570552,0.065344773,0.087286014,-1.299999999,TRUE,295,182,132,19,31,111,,TL27
2022,-1.3,EFDE24,454114.091,7180134.272,FALSE,TRUE,-1.246754087,-1.269499633,-1.187953734,-1.196581197,TRUE,190,147,43,0,155,131,,TL27
2022,-1.3,F04271,454435.395,7179640.063,FALSE,FALSE,1.022103794,0.724407832,0.631426697,-1.299999999,TRUE,261,179,143,61,23,64,,TL27
2022,-1.9,F110AA,454414.277,7179616.715,FALSE,FALSE,-0.410177524,-0.431390917,-0.443529174,-1.9,TRUE,225,198,32,5,115,61,,TL27
2022,-1.7,F40DE4,454422.161,7179617.086,TRUE,FALSE,1.450523566,1.418826657,1.479539159,,FALSE,0,,,87,0,,no_permafrost_possible,TL27
2022,-1.9,F61D0C,454398.089,7179605.448,FALSE,FALSE,-0.50521419,-0.3749548,-0.274143039,-1.9,TRUE,284,182,108,6,55,78,,TL27
2022,-1.3,F79DB5,454439.942,7179586.102,TRUE,FALSE,2.475239844,2.539044082,2.499867793,,FALSE,0,,,102,0,,no_permafrost_possible,TL27
2022,-1.3,F7A63A,455056.543,7178680.584,FALSE,TRUE,-0.588154264,-0.304796991,-0.224939489,-0.911384615,TRUE,208,118,130,0,137,142,,TL27
2022,-1.7,FA2FF8,454419.824,7179644.117,FALSE,TRUE,-1.225918892,-1.225959365,-1.112615046,-1.053634085,TRUE,197,140,57,0,148,132,,TL27
2022,-1.7,FAE6A9,454129.374,7180103.93,TRUE,FALSE,0.606895696,0.731156397,0.919341591,,FALSE,0,,,48,0,,no_permafrost_possible,TL27
2022,-1.7,FBAC7F,454391.662,7179664.296,FALSE,FALSE,0.704037709,0.405313319,0.30528112,-1.689215686,TRUE,215,155,108,48,82,62,,TL27
2022,-1.7,FD0E0C,,,TRUE,FALSE,0.396050111,0.665562261,0.785989658,,FALSE,0,,,6,0,,no_permafrost_possible,TL27