Site,SampleLocationName,Total_C_stock_kg_m2_0to50cm,Total_N_stock_kg_m2_0to50cm,X,Y,slope,curv,mean_disp_rate,drainagearea,ndvi,C_N_ratio
TL47,TL47 DoubleTree Pit 1,12.528,0.814039232,442376.25,7206509.194,19.18076,0.001856463,0.053399278,225.24202,0.7672785,16.25645832
TL47,TL47 NPF-1,17.31361716,1.621916171,443032.1486,7206635.717,10.293542,-0.018759113,0.018643975,301.17963,0.7371511,13.655
TL47,TL47 NPF-10,16.458125,1.0038625,442764.7193,7206602.935,14.088451,-0.010120654,0.037396445,239.49442,0.8160291,24.43185662
TL47,TL47 NPF-8,19.7971875,0.807,442286.9891,7206509.583,20.05566,-0.011842031,0.020148184,130.50029,0.7451822,12.44333333
TL47,TL47-22-05,15.93378562,1.071410287,442931.557,7206297.648,8.663725,0.000391178,0.036212265,117.38016,0.6827711,16.31666667
TL47,TL47_Slice3,21.33532252,1.660637594,442442.8978,7206738.769,18.394537,-0.009350051,0.034250618,194.51947,0.70684564,11.5396987
TL47,TL47_Slice7,11.43590902,0.504463517,442671.6503,7206658.006,16.13796,0.021843862,0.060855338,55.211212,0.7313896,22.66944713
TL47,TL47_Slice8,10.06523803,0.409226,442744.5118,7206647.02,12.553925,0.002421808,0.053271168,217.03459,0.7542013,25.22910663
TL27,TL27 NonPF Core 3,11.13929251,0.647086356,454827.9905,7178958.053,5.2814155,1.66E-05,0.01519083,175.10281,0.71839774,15.17631628
TL27,TL27 NonPF Core 6,5.819435085,0.502992321,454795.3518,7178932.015,5.18236,0.002140679,0.01519083,62.977016,0.67782015,11.53081676
TL27,TL27 NonPF Core 8,5.682283491,0.417070949,454802.4897,7178928.341,4.841823,0.002011257,0.01519083,98.88038,0.68941677,12.58374856
TL27,TL27 NonPF Core 9,20.60685122,0.885234513,454352.6583,7179642.101,6.243268,0.003112488,0.029773863,29.666853,0.7199883,22.49433855
TL27,TL27 PF Core 1 ,18.07494936,1.040036572,454923.1661,7178744.523,3.911394,0.002501823,0.024249427,84.3753,0.7009002,17.35690493
TL27,TL27 PF Core 15,18.66561714,1.142120501,454917.1268,7178742.05,3.2404706,0.00214477,0.024249427,40.545822,0.7131923,16.7822082
TL27,TL27 PF Core 16,27.53810499,1.776466637,454923.3143,7178738.502,4.8559384,0.002833914,0.02748256,42.540745,0.6747711,16.00183865