Sample,depth,depthInterval,Tray,Cell,weight,Date,corr d13C,STDEV,corr. d15N,STDEV,% C,STDEV,% N',STDEV,C/N,STDEV,lat,lon,ele,bulkdensity
KR_Pit1_20cmBD,20,20,1,A9,2.329,3/22/2022,-28.25,0.18,N/A,N/A,6.09,1.05,0.29,0.11,20.99,0.3,65.43126902,-164.705229,187.656342,0.947455387
KR_Pit1_30-35cmBD,35,5,1,A6,2.259,3/22/2022,-29.93,0.18,N/A,N/A,2.76,1.05,0.157,0.11,17.58,0.3,65.43126902,-164.705229,187.656342,1.374752148
KR_Pit1_40-45cmBD,45,5,1,D3,2.143,3/23/2022,-28.01,0.16,9.22,0.38,21.18,0.39,1.004,0.05,21.09,0.22,65.43126902,-164.705229,187.656342,0.410552985
KR_Pit1_65cm,65,10,1,D7,2.187,3/23/2022,-27.09,0.16,4.89,0.38,25.27,0.39,1.56,0.05,16.2,0.22,65.43126902,-164.705229,187.656342,0.314142857
KR_Pit1_80cm,80,10,1,A2,2.479,3/22/2022,-32.28,0.18,N/A,N/A,1.21,1.05,0.121,0.11,9.97,0.3,65.43126902,-164.705229,187.656342,0.478857143
KR_Pit1_125-130cm,130,10,1,A7,2.241,3/22/2022,-32.38,0.18,N/A,N/A,1.22,1.05,0.102,0.11,11.92,0.3,65.43126902,-164.705229,187.656342,0.934904762
KR_Pit1_170cm,170,10,1,D8,2.115,3/23/2022,-29.31,0.16,N/A,N/A,3.36,0.39,0.214,0.05,15.72,0.22,65.43126902,-164.705229,187.656342,0.791571429
KR_Pit2_0-20cmBD,20,20,1,E5,2.315,3/23/2022,-27.27,0.16,5.4,0.38,33.73,0.39,1.239,0.05,27.22,0.22,65.43118201,-164.704203,162.177338,0.111380952
KR_Pit2_35cmBD,35,20,1,C8,2.057,3/23/2022,-29.24,0.16,N/A,N/A,4.04,0.39,0.186,0.05,21.75,0.22,65.43118201,-164.704203,162.177338,0.441333333
KR_Pit2_50cmBD,50,10,1,C4,1.891,3/22/2022,-30.75,0.18,N/A,N/A,1.07,1.05,0.054,0.11,19.66,0.3,65.43118201,-164.704203,162.177338,0.597714286
KR_Pit2_75cm,75,10,1,D9,1.854,3/23/2022,-29.41,0.16,N/A,N/A,3.9,0.39,0.223,0.05,17.45,0.22,65.43118201,-164.704203,162.177338,0.451190476
KR_Pit2_90cm,90,10,1,A11,2.22,3/22/2022,-29.61,0.18,N/A,N/A,3.92,1.05,0.207,0.11,18.89,0.3,65.43118201,-164.704203,162.177338,0.4
KR_Pit2_110cm,110,10,1,E3,1.994,3/23/2022,-29.02,0.16,N/A,N/A,3.15,0.39,0.161,0.05,19.57,0.22,65.43118201,-164.704203,162.177338,1.070095238
KR_Pit2_120cm,120,10,1,A1,1.966,3/22/2022,-29.93,0.18,N/A,N/A,3.01,1.05,0.207,0.11,14.5,0.3,65.43118201,-164.704203,162.177338,0.674714286
KR_Pit2_140cm,140,10,1,D6,2.247,3/23/2022,-29.41,0.16,N/A,N/A,4.12,0.39,0.239,0.05,17.21,0.22,65.43118201,-164.704203,162.177338,0.330190476
KR_Pit3_15-20cmBD,20,10,1,D4,2.341,3/23/2022,-26.55,0.16,7.51,0.38,34.89,0.39,1.496,0.05,23.32,0.22,65.43106601,-164.703612,214.1035,0.183851069
KR_Pit3_40cmBD,40,10,1,A12,1.921,3/22/2022,-30.09,0.18,N/A,N/A,3.18,1.05,0.153,0.11,20.8,0.3,65.43106601,-164.703612,214.1035,1.175038555
KR_Pit3_45-55cm,55,10,1,B12,2.212,3/22/2022,-30,0.18,N/A,N/A,3.8,1.05,0.137,0.11,27.64,0.3,65.43106601,-164.703612,214.1035,0.454333333
KR_Pit3_60-65cm,65,10,1,E1,1.878,3/23/2022,-28.31,0.16,N/A,N/A,6.65,0.39,0.339,0.05,19.64,0.22,65.43106601,-164.703612,214.1035,0.68852381
KR_Pit3_65cm,65,10,1,A5,2.074,3/22/2022,-28.63,0.18,N/A,N/A,6.61,1.05,0.373,0.11,17.71,0.3,65.43106601,-164.703612,214.1035,0.68852381
KR_Pit3_90cm,90,10,1,B1,1.844,3/22/2022,-29.35,0.18,N/A,N/A,3.05,1.05,0.192,0.11,15.92,0.3,65.43106601,-164.703612,214.1035,0.778428571
KR_Pit3_140-145cm,145,10,1,B11,2.188,3/22/2022,-28.86,0.18,N/A,N/A,6.51,1.05,0.289,0.11,22.5,0.3,65.43106601,-164.703612,214.1035,0.562571429
KR_Pit3_160-170cm,170,10,1,B2,1.991,3/22/2022,-30.08,0.18,N/A,N/A,2.73,1.05,0.17,0.11,16.1,0.3,65.43106601,-164.703612,214.1035,0.612380952
KR_Pit3_230-235cm,235,10,1,A4,2,3/22/2022,-29.09,0.18,N/A,N/A,5.57,1.05,0.373,0.11,14.92,0.3,65.43106601,-164.703612,214.1035,0.679619048
KR_Pit4_20-22cmBD,22,10,1,C12,1.833,3/23/2022,-26.89,0.16,6.08,0.38,26.18,0.39,1.123,0.05,23.32,0.22,65.43106601,-164.703612,214.1035,0.266468385
KR_Pit4_30cmBD,30,10,1,C10,2.018,3/23/2022,-28.25,0.16,N/A,N/A,9.09,0.39,0.445,0.05,20.43,0.22,65.43106601,-164.703612,214.1035,0.666997136
KR_Pit4_41cm,41,10,1,C7,2.151,3/22/2022,-28.43,0.18,N/A,N/A,5.25,1.05,0.203,0.11,25.91,0.3,65.43106601,-164.703612,214.1035,0.403380952
KR_Pit4_55cm,55,10,1,A10,1.862,3/22/2022,-27.92,0.18,N/A,N/A,8.8,1.05,0.515,0.11,17.11,0.3,65.43106601,-164.703612,214.1035,0.423571429
KR_Pit4_67cm,67,10,1,B9,1.994,3/22/2022,-28.47,0.18,N/A,N/A,4.98,1.05,0.22,0.11,22.64,0.3,65.43106601,-164.703612,214.1035,0.458142857
KR_Pit4_105cm,105,10,1,A3,1.945,3/22/2022,-28.79,0.18,N/A,N/A,7.46,1.05,0.418,0.11,17.84,0.3,65.43106601,-164.703612,214.1035,0.360761905
KR_Pit4_135cm,135,10,1,C9,2.007,3/23/2022,-28.09,0.16,10.14,0.38,13.01,0.39,0.673,0.05,19.34,0.22,65.43106601,-164.703612,214.1035,0.476
KR_Pit4_145cm,145,10,1,D5,2.031,3/23/2022,-29.24,0.16,N/A,N/A,4.88,0.39,0.242,0.05,20.19,0.22,65.43106601,-164.703612,214.1035,0.602571429
KR_Pit4_190cm,190,10,1,D11,2.046,3/23/2022,-29.2,0.16,N/A,N/A,2.83,0.39,0.161,0.05,17.58,0.22,65.43106601,-164.703612,214.1035,0.482428571
KR_Pit4_235cm,235,10,1,B5,2.317,3/22/2022,-29.01,0.18,N/A,N/A,3.16,1.05,0.162,0.11,19.53,0.3,65.43106601,-164.703612,214.1035,0.794047619
KR_Pit4_238-240cm,240,10,1,B10,2.479,3/22/2022,-30.06,0.18,N/A,N/A,1.12,1.05,0.062,0.11,18.1,0.3,65.43106601,-164.703612,214.1035,1.419571429
KR_Pit4_250cm,250,10,1,C1,2.126,3/22/2022,-29.79,0.18,N/A,N/A,1.64,1.05,0.089,0.11,18.36,0.3,65.43106601,-164.703612,214.1035,1.233619048
KR_Pit5_15cmBD,15,10,1,E4,2.316,3/23/2022,-28.2,0.16,N/A,N/A,10.23,0.39,0.474,0.05,21.57,0.22,65.43005297,-164.692883,134.026062,0.387860762
KR_Pit5_45cmBD,45,10,1,D12,1.942,3/23/2022,-28.36,0.16,N/A,N/A,5.37,0.39,0.289,0.05,18.57,0.22,65.43005297,-164.692883,134.026062,0.793016083
KR_Pit5_80cm,80,10,1,B4,2.196,3/22/2022,-28.48,0.18,N/A,N/A,6.5,1.05,0.336,0.11,19.33,0.3,65.43005297,-164.692883,134.026062,0.390238095
KR_Pit5_110cm,110,10,1,A8,2.07,3/22/2022,-27.95,0.18,1.45,0.48,11.95,1.05,0.689,0.11,17.33,0.3,65.43005297,-164.692883,134.026062,0.31152381
KR_Pit5_120cm,120,10,1,B8,1.999,3/22/2022,-29.39,0.18,N/A,N/A,4.46,1.05,0.199,0.11,22.41,0.3,65.43005297,-164.692883,134.026062,0.831904762
KR_Pit5_140cm,140,10,1,E2,2.297,3/23/2022,-28.78,0.16,N/A,N/A,5.04,0.39,0.251,0.05,20.07,0.22,65.43005297,-164.692883,134.026062,0.801333333
KR_Pit5_170cm,170,10,1,B7,1.895,3/22/2022,-28.58,0.18,N/A,N/A,5.8,1.05,0.288,0.11,20.18,0.3,65.43005297,-164.692883,134.026062,0.800761905
KR_Pit5_190cm,190,10,1,D10,2.042,3/23/2022,-28.39,0.16,N/A,N/A,4.22,0.39,0.269,0.05,15.72,0.22,65.43005297,-164.692883,134.026062,0.608380952
KR_Pit5_230cm,230,10,1,C11,2.142,3/23/2022,-28.25,0.16,N/A,N/A,9.04,0.39,0.449,0.05,20.14,0.22,65.43005297,-164.692883,134.026062,0.661666667
KR_Gully_Overbank,0,0,1,C2,2.307,3/22/2022,-28.11,0.18,N/A,N/A,6.08,1.05,0.199,0.11,30.55,0.3,65.43005297,-164.692883,134.026062,
KR_Surface_1stHeadwall,0,0,1,C3,1.983,3/22/2022,-28.41,0.18,N/A,N/A,7.05,1.05,0.264,0.11,26.71,0.3,65.43321203,-164.673669,69.682236,
KRGully2_Surface,0,0,1,C5,2.019,3/22/2022,-28.6,0.18,N/A,N/A,3.32,1.05,0.136,0.11,24.5,0.3,,,,
KR_Gully1_UpstreamMostSurface,0,0,1,D1,2.08,3/23/2022,-28.48,0.16,N/A,N/A,4.76,0.39,0.228,0.05,20.87,0.22,65.43124597,-164.705342,166.974152,
KR_DoubleSpringSurface,0,0,1,D2,2.276,3/23/2022,-29.3,0.16,N/A,N/A,1.03,0.39,0.083,0.05,12.5,0.22,65.43025003,-164.696761,139.184753,
KR_SurfaceSedimentBlowout,0,0,1,B3,2.247,3/22/2022,-28.81,0.18,N/A,N/A,5.45,1.05,0.278,0.11,19.59,0.3,65.430119,-164.695576,,
KR_Pit3/4_Surface,0,0,1,C6,2.342,3/22/2022,-28.49,0.18,N/A,N/A,6.88,1.05,0.209,0.11,32.92,0.3,65.43106601,-164.703612,214.1035,
