SampleName,SampleLocationName,Top_cm,Bottom_cm,depthInterval,%C,stdev%C,%N,stdev%N,C/N,stdevC/N,lat,lon,ele,BD_measurement_cm,BulkDensity_gcm3,X,Y,3m,30m_total_curv,3m_slope,15m_plan_curv,Hillshade,15m_slope,15m_gauss_curv,3m_profile_curv,3m_total_curv,30m_gauss_curv,15m_mean_curv,15m,3m_gauss_curv,15m_total_curv,30m_profile_curv,3m_mean_curv,15m_profile_curv,30m_plan_curv,Slope3m,Aspect,30m_slope,30m,3m_plan_curv,Drainage_areaQuinn_15m,30m_mean_curv
KR_Pit1_20cmBD,KR_Pit1,0,20,20,6.09,1.05,0.29,0.11,20.99,0.3,65.43126902,-164.705229,187.656342,20,0.947455387,513675.8704,7256552.045,178.70398,0.00131423,0.137120781,0.029697738,164.3333333,0.081073004,4.65E-07,0.026518665,-0.034590168,1.24E-07,0.001073877,178.73663,-7.56E-05,0.002153192,-0.000139662,-0.016361508,0.000151648,0.017000683,7.7698517,145.38736,0.072618294,179.5906,-0.059081,879.5902,0.000655183
KR_Pit1_30-35cmBD,KR_Pit1,20,35,5,2.76,1.05,0.157,0.11,17.58,0.3,65.43126902,-164.705229,187.656342,35,1.374752148,513675.8704,7256552.045,178.70398,0.00131423,0.137120781,0.029697738,164.3333333,0.081073004,4.65E-07,0.026518665,-0.034590168,1.24E-07,0.001073877,178.73663,-7.56E-05,0.002153192,-0.000139662,-0.016361508,0.000151648,0.017000683,7.7698517,145.38736,0.072618294,179.5906,-0.059081,879.5902,0.000655183
KR_Pit1_40-45cmBD,KR_Pit1,35,45,5,21.18,0.39,1.004,0.05,21.09,0.22,65.43126902,-164.705229,187.656342,45,0.410552985,513675.8704,7256552.045,178.70398,0.00131423,0.137120781,0.029697738,164.3333333,0.081073004,4.65E-07,0.026518665,-0.034590168,1.24E-07,0.001073877,178.73663,-7.56E-05,0.002153192,-0.000139662,-0.016361508,0.000151648,0.017000683,7.7698517,145.38736,0.072618294,179.5906,-0.059081,879.5902,0.000655183
KR_Pit1_65cm,KR_Pit1,45,65,10,25.27,0.39,1.56,0.05,16.2,0.22,65.43126902,-164.705229,187.656342,65,0.314142857,513675.8704,7256552.045,178.70398,0.00131423,0.137120781,0.029697738,164.3333333,0.081073004,4.65E-07,0.026518665,-0.034590168,1.24E-07,0.001073877,178.73663,-7.56E-05,0.002153192,-0.000139662,-0.016361508,0.000151648,0.017000683,7.7698517,145.38736,0.072618294,179.5906,-0.059081,879.5902,0.000655183
KR_Pit1_80cm,KR_Pit1,65,80,10,1.21,1.05,0.121,0.11,9.97,0.3,65.43126902,-164.705229,187.656342,80,0.478857143,513675.8704,7256552.045,178.70398,0.00131423,0.137120781,0.029697738,164.3333333,0.081073004,4.65E-07,0.026518665,-0.034590168,1.24E-07,0.001073877,178.73663,-7.56E-05,0.002153192,-0.000139662,-0.016361508,0.000151648,0.017000683,7.7698517,145.38736,0.072618294,179.5906,-0.059081,879.5902,0.000655183
KR_Pit1_125-130cm,KR_Pit1,80,130,10,1.22,1.05,0.102,0.11,11.92,0.3,65.43126902,-164.705229,187.656342,130,0.934904762,513675.8704,7256552.045,178.70398,0.00131423,0.137120781,0.029697738,164.3333333,0.081073004,4.65E-07,0.026518665,-0.034590168,1.24E-07,0.001073877,178.73663,-7.56E-05,0.002153192,-0.000139662,-0.016361508,0.000151648,0.017000683,7.7698517,145.38736,0.072618294,179.5906,-0.059081,879.5902,0.000655183
KR_Pit1_170cm,KR_Pit1,130,170,10,3.36,0.39,0.214,0.05,15.72,0.22,65.43126902,-164.705229,187.656342,170,0.791571429,513675.8704,7256552.045,178.70398,0.00131423,0.137120781,0.029697738,164.3333333,0.081073004,4.65E-07,0.026518665,-0.034590168,1.24E-07,0.001073877,178.73663,-7.56E-05,0.002153192,-0.000139662,-0.016361508,0.000151648,0.017000683,7.7698517,145.38736,0.072618294,179.5906,-0.059081,879.5902,0.000655183
KR_Pit2_0-20cmBD,KR_Pit2,0,20,20,33.73,0.39,1.239,0.05,27.22,0.22,65.43118201,-164.704203,162.177338,20,0.111380952,513723.5168,7256542.571,175.56487,0.001354709,0.184927471,0.03923392,167.2222222,0.085137053,1.52E-06,0.036111606,-0.034836192,3.49E-08,0.001137122,175.4241,-0.000308973,0.00227322,-0.000133652,-0.015391555,-4.84E-05,0.017669311,10.357472,171.6752,0.074520793,176.0473,0.022670072,1009.7507,0.000675681
KR_Pit2_35cmBD,KR_Pit2,20,35,20,4.04,0.39,0.186,0.05,21.75,0.22,65.43118201,-164.704203,162.177338,35,0.441333333,513723.5168,7256542.571,175.56487,0.001354709,0.184927471,0.03923392,167.2222222,0.085137053,1.52E-06,0.036111606,-0.034836192,3.49E-08,0.001137122,175.4241,-0.000308973,0.00227322,-0.000133652,-0.015391555,-4.84E-05,0.017669311,10.357472,171.6752,0.074520793,176.0473,0.022670072,1009.7507,0.000675681
KR_Pit2_50cmBD,KR_Pit2,35,50,10,1.07,1.05,0.054,0.11,19.66,0.3,65.43118201,-164.704203,162.177338,50,0.597714286,513723.5168,7256542.571,175.56487,0.001354709,0.184927471,0.03923392,167.2222222,0.085137053,1.52E-06,0.036111606,-0.034836192,3.49E-08,0.001137122,175.4241,-0.000308973,0.00227322,-0.000133652,-0.015391555,-4.84E-05,0.017669311,10.357472,171.6752,0.074520793,176.0473,0.022670072,1009.7507,0.000675681
KR_Pit2_75cm,KR_Pit2,50,75,10,3.9,0.39,0.223,0.05,17.45,0.22,65.43118201,-164.704203,162.177338,75,0.451190476,513723.5168,7256542.571,175.56487,0.001354709,0.184927471,0.03923392,167.2222222,0.085137053,1.52E-06,0.036111606,-0.034836192,3.49E-08,0.001137122,175.4241,-0.000308973,0.00227322,-0.000133652,-0.015391555,-4.84E-05,0.017669311,10.357472,171.6752,0.074520793,176.0473,0.022670072,1009.7507,0.000675681
KR_Pit2_90cm,KR_Pit2,75,90,10,3.92,1.05,0.207,0.11,18.89,0.3,65.43118201,-164.704203,162.177338,90,0.4,513723.5168,7256542.571,175.56487,0.001354709,0.184927471,0.03923392,167.2222222,0.085137053,1.52E-06,0.036111606,-0.034836192,3.49E-08,0.001137122,175.4241,-0.000308973,0.00227322,-0.000133652,-0.015391555,-4.84E-05,0.017669311,10.357472,171.6752,0.074520793,176.0473,0.022670072,1009.7507,0.000675681
KR_Pit2_110cm,KR_Pit2,90,110,10,3.15,0.39,0.161,0.05,19.57,0.22,65.43118201,-164.704203,162.177338,110,1.070095238,513723.5168,7256542.571,175.56487,0.001354709,0.184927471,0.03923392,167.2222222,0.085137053,1.52E-06,0.036111606,-0.034836192,3.49E-08,0.001137122,175.4241,-0.000308973,0.00227322,-0.000133652,-0.015391555,-4.84E-05,0.017669311,10.357472,171.6752,0.074520793,176.0473,0.022670072,1009.7507,0.000675681
KR_Pit2_120cm,KR_Pit2,110,120,10,3.01,1.05,0.207,0.11,14.5,0.3,65.43118201,-164.704203,162.177338,120,0.674714286,513723.5168,7256542.571,175.56487,0.001354709,0.184927471,0.03923392,167.2222222,0.085137053,1.52E-06,0.036111606,-0.034836192,3.49E-08,0.001137122,175.4241,-0.000308973,0.00227322,-0.000133652,-0.015391555,-4.84E-05,0.017669311,10.357472,171.6752,0.074520793,176.0473,0.022670072,1009.7507,0.000675681
KR_Pit2_140cm,KR_Pit2,120,140,10,4.12,0.39,0.239,0.05,17.21,0.22,65.43118201,-164.704203,162.177338,140,0.330190476,513723.5168,7256542.571,175.56487,0.001354709,0.184927471,0.03923392,167.2222222,0.085137053,1.52E-06,0.036111606,-0.034836192,3.49E-08,0.001137122,175.4241,-0.000308973,0.00227322,-0.000133652,-0.015391555,-4.84E-05,0.017669311,10.357472,171.6752,0.074520793,176.0473,0.022670072,1009.7507,0.000675681
KR_Pit3_15-20cmBD,KR_Pit3,0,20,10,34.89,0.39,1.496,0.05,23.32,0.22,65.43106601,-164.703612,214.1035,20,0.183851069,513750.9969,7256529.771,172.49786,0.001289914,0.251738783,0.029395275,90.22222222,0.08289216,2.86E-07,-0.019444096,0.038798203,-1.23E-07,0.000893657,173.888,0.000889263,0.001784698,-7.22E-05,0.019673165,0.00010581,0.017021607,13.990963,155.9312,0.078121787,174.34892,0.233305341,1203.5616,0.000643422
KR_Pit3_40cmBD,KR_Pit3,20,40,10,3.18,1.05,0.153,0.11,20.8,0.3,65.43106601,-164.703612,214.1035,40,1.175038555,513750.9969,7256529.771,172.49786,0.001289914,0.251738783,0.029395275,90.22222222,0.08289216,2.86E-07,-0.019444096,0.038798203,-1.23E-07,0.000893657,173.888,0.000889263,0.001784698,-7.22E-05,0.019673165,0.00010581,0.017021607,13.990963,155.9312,0.078121787,174.34892,0.233305341,1203.5616,0.000643422
KR_Pit3_45-55cm,KR_Pit3,40,55,10,3.8,1.05,0.137,0.11,27.64,0.3,65.43106601,-164.703612,214.1035,55,0.454333333,513750.9969,7256529.771,172.49786,0.001289914,0.251738783,0.029395275,90.22222222,0.08289216,2.86E-07,-0.019444096,0.038798203,-1.23E-07,0.000893657,173.888,0.000889263,0.001784698,-7.22E-05,0.019673165,0.00010581,0.017021607,13.990963,155.9312,0.078121787,174.34892,0.233305341,1203.5616,0.000643422
KR_Pit3_60-65cm,KR_Pit3,55,65,10,6.65,0.39,0.339,0.05,19.64,0.22,65.43106601,-164.703612,214.1035,65,0.68852381,513750.9969,7256529.771,172.49786,0.001289914,0.251738783,0.029395275,90.22222222,0.08289216,2.86E-07,-0.019444096,0.038798203,-1.23E-07,0.000893657,173.888,0.000889263,0.001784698,-7.22E-05,0.019673165,0.00010581,0.017021607,13.990963,155.9312,0.078121787,174.34892,0.233305341,1203.5616,0.000643422
KR_Pit3_90cm,KR_Pit3,65,90,10,3.05,1.05,0.192,0.11,15.92,0.3,65.43106601,-164.703612,214.1035,90,0.778428571,513750.9969,7256529.771,172.49786,0.001289914,0.251738783,0.029395275,90.22222222,0.08289216,2.86E-07,-0.019444096,0.038798203,-1.23E-07,0.000893657,173.888,0.000889263,0.001784698,-7.22E-05,0.019673165,0.00010581,0.017021607,13.990963,155.9312,0.078121787,174.34892,0.233305341,1203.5616,0.000643422
KR_Pit3_140-145cm,KR_Pit3,90,145,10,6.51,1.05,0.289,0.11,22.5,0.3,65.43106601,-164.703612,214.1035,145,0.562571429,513750.9969,7256529.771,172.49786,0.001289914,0.251738783,0.029395275,90.22222222,0.08289216,2.86E-07,-0.019444096,0.038798203,-1.23E-07,0.000893657,173.888,0.000889263,0.001784698,-7.22E-05,0.019673165,0.00010581,0.017021607,13.990963,155.9312,0.078121787,174.34892,0.233305341,1203.5616,0.000643422
KR_Pit3_160-170cm,KR_Pit3,145,170,10,2.73,1.05,0.17,0.11,16.1,0.3,65.43106601,-164.703612,214.1035,170,0.612380952,513750.9969,7256529.771,172.49786,0.001289914,0.251738783,0.029395275,90.22222222,0.08289216,2.86E-07,-0.019444096,0.038798203,-1.23E-07,0.000893657,173.888,0.000889263,0.001784698,-7.22E-05,0.019673165,0.00010581,0.017021607,13.990963,155.9312,0.078121787,174.34892,0.233305341,1203.5616,0.000643422
KR_Pit3_230-235cm,KR_Pit3,170,235,10,5.57,1.05,0.373,0.11,14.92,0.3,65.43106601,-164.703612,214.1035,235,0.679619048,513750.9969,7256529.771,172.49786,0.001289914,0.251738783,0.029395275,90.22222222,0.08289216,2.86E-07,-0.019444096,0.038798203,-1.23E-07,0.000893657,173.888,0.000889263,0.001784698,-7.22E-05,0.019673165,0.00010581,0.017021607,13.990963,155.9312,0.078121787,174.34892,0.233305341,1203.5616,0.000643422
KR_Pit4_20-22cmBD,KR_Pit4,0,22,10,26.18,0.39,1.123,0.05,23.32,0.22,65.43106601,-164.703612,214.1035,22,0.266468385,513750.9969,7256529.771,172.49786,0.001289914,0.251738783,0.029395275,90.22222222,0.08289216,2.86E-07,-0.019444096,0.038798203,-1.23E-07,0.000893657,173.888,0.000889263,0.001784698,-7.22E-05,0.019673165,0.00010581,0.017021607,13.990963,155.9312,0.078121787,174.34892,0.233305341,1203.5616,0.000643422
KR_Pit4_30cmBD,KR_Pit4,22,30,10,9.09,0.39,0.445,0.05,20.43,0.22,65.43106601,-164.703612,214.1035,30,0.666997136,513750.9969,7256529.771,172.49786,0.001289914,0.251738783,0.029395275,90.22222222,0.08289216,2.86E-07,-0.019444096,0.038798203,-1.23E-07,0.000893657,173.888,0.000889263,0.001784698,-7.22E-05,0.019673165,0.00010581,0.017021607,13.990963,155.9312,0.078121787,174.34892,0.233305341,1203.5616,0.000643422
KR_Pit4_41cm,KR_Pit4,30,41,10,5.25,1.05,0.203,0.11,25.91,0.3,65.43106601,-164.703612,214.1035,41,0.403380952,513750.9969,7256529.771,172.49786,0.001289914,0.251738783,0.029395275,90.22222222,0.08289216,2.86E-07,-0.019444096,0.038798203,-1.23E-07,0.000893657,173.888,0.000889263,0.001784698,-7.22E-05,0.019673165,0.00010581,0.017021607,13.990963,155.9312,0.078121787,174.34892,0.233305341,1203.5616,0.000643422
KR_Pit4_55cm,KR_Pit4,41,55,10,8.8,1.05,0.515,0.11,17.11,0.3,65.43106601,-164.703612,214.1035,55,0.423571429,513750.9969,7256529.771,172.49786,0.001289914,0.251738783,0.029395275,90.22222222,0.08289216,2.86E-07,-0.019444096,0.038798203,-1.23E-07,0.000893657,173.888,0.000889263,0.001784698,-7.22E-05,0.019673165,0.00010581,0.017021607,13.990963,155.9312,0.078121787,174.34892,0.233305341,1203.5616,0.000643422
KR_Pit4_67cm,KR_Pit4,55,67,10,4.98,1.05,0.22,0.11,22.64,0.3,65.43106601,-164.703612,214.1035,67,0.458142857,513750.9969,7256529.771,172.49786,0.001289914,0.251738783,0.029395275,90.22222222,0.08289216,2.86E-07,-0.019444096,0.038798203,-1.23E-07,0.000893657,173.888,0.000889263,0.001784698,-7.22E-05,0.019673165,0.00010581,0.017021607,13.990963,155.9312,0.078121787,174.34892,0.233305341,1203.5616,0.000643422
KR_Pit4_105cm,KR_Pit4,67,105,10,7.46,1.05,0.418,0.11,17.84,0.3,65.43106601,-164.703612,214.1035,105,0.360761905,513750.9969,7256529.771,172.49786,0.001289914,0.251738783,0.029395275,90.22222222,0.08289216,2.86E-07,-0.019444096,0.038798203,-1.23E-07,0.000893657,173.888,0.000889263,0.001784698,-7.22E-05,0.019673165,0.00010581,0.017021607,13.990963,155.9312,0.078121787,174.34892,0.233305341,1203.5616,0.000643422
KR_Pit4_135cm,KR_Pit4,105,135,10,13.01,0.39,0.673,0.05,19.34,0.22,65.43106601,-164.703612,214.1035,135,0.476,513750.9969,7256529.771,172.49786,0.001289914,0.251738783,0.029395275,90.22222222,0.08289216,2.86E-07,-0.019444096,0.038798203,-1.23E-07,0.000893657,173.888,0.000889263,0.001784698,-7.22E-05,0.019673165,0.00010581,0.017021607,13.990963,155.9312,0.078121787,174.34892,0.233305341,1203.5616,0.000643422
KR_Pit4_145cm,KR_Pit4,145,145,10,4.88,0.39,0.242,0.05,20.19,0.22,65.43106601,-164.703612,214.1035,145,0.602571429,513750.9969,7256529.771,172.49786,0.001289914,0.251738783,0.029395275,90.22222222,0.08289216,2.86E-07,-0.019444096,0.038798203,-1.23E-07,0.000893657,173.888,0.000889263,0.001784698,-7.22E-05,0.019673165,0.00010581,0.017021607,13.990963,155.9312,0.078121787,174.34892,0.233305341,1203.5616,0.000643422
KR_Pit4_190cm,KR_Pit4,190,190,10,2.83,0.39,0.161,0.05,17.58,0.22,65.43106601,-164.703612,214.1035,190,0.482428571,513750.9969,7256529.771,172.49786,0.001289914,0.251738783,0.029395275,90.22222222,0.08289216,2.86E-07,-0.019444096,0.038798203,-1.23E-07,0.000893657,173.888,0.000889263,0.001784698,-7.22E-05,0.019673165,0.00010581,0.017021607,13.990963,155.9312,0.078121787,174.34892,0.233305341,1203.5616,0.000643422
KR_Pit4_235cm,KR_Pit4,190,235,10,3.16,1.05,0.162,0.11,19.53,0.3,65.43106601,-164.703612,214.1035,235,0.794047619,513750.9969,7256529.771,172.49786,0.001289914,0.251738783,0.029395275,90.22222222,0.08289216,2.86E-07,-0.019444096,0.038798203,-1.23E-07,0.000893657,173.888,0.000889263,0.001784698,-7.22E-05,0.019673165,0.00010581,0.017021607,13.990963,155.9312,0.078121787,174.34892,0.233305341,1203.5616,0.000643422
KR_Pit4_238-240cm,KR_Pit4,235,240,10,1.12,1.05,0.062,0.11,18.1,0.3,65.43106601,-164.703612,214.1035,240,1.419571429,513750.9969,7256529.771,172.49786,0.001289914,0.251738783,0.029395275,90.22222222,0.08289216,2.86E-07,-0.019444096,0.038798203,-1.23E-07,0.000893657,173.888,0.000889263,0.001784698,-7.22E-05,0.019673165,0.00010581,0.017021607,13.990963,155.9312,0.078121787,174.34892,0.233305341,1203.5616,0.000643422
KR_Pit4_250cm,KR_Pit4,240,250,10,1.64,1.05,0.089,0.11,18.36,0.3,65.43106601,-164.703612,214.1035,250,1.233619048,513750.9969,7256529.771,172.49786,0.001289914,0.251738783,0.029395275,90.22222222,0.08289216,2.86E-07,-0.019444096,0.038798203,-1.23E-07,0.000893657,173.888,0.000889263,0.001784698,-7.22E-05,0.019673165,0.00010581,0.017021607,13.990963,155.9312,0.078121787,174.34892,0.233305341,1203.5616,0.000643422
KR_Pit5_15cmBD,KR_Pit5,0,15,10,10.23,0.39,0.474,0.05,21.57,0.22,65.43005297,-164.692883,134.026062,15,0.387860762,514249.319,7256419.248,135.92421,0.0030086,0.133119889,0.039342962,141,0.124885376,2.51E-06,-0.024789399,0.031688361,4.22E-07,0.00323945,136.87476,0.001308573,0.006562184,-0.000796182,0.015964158,-0.002358699,0.025955989,7.5641456,119.868355,0.112045504,137.58337,0.070683842,2202.185,0.001491861
KR_Pit5_45cmBD,KR_Pit5,15,45,10,5.37,0.39,0.289,0.05,18.57,0.22,65.43005297,-164.692883,134.026062,45,0.793016083,514249.319,7256419.248,135.92421,0.0030086,0.133119889,0.039342962,141,0.124885376,2.51E-06,-0.024789399,0.031688361,4.22E-07,0.00323945,136.87476,0.001308573,0.006562184,-0.000796182,0.015964158,-0.002358699,0.025955989,7.5641456,119.868355,0.112045504,137.58337,0.070683842,2202.185,0.001491861
KR_Pit5_80cm,KR_Pit5,45,80,10,6.5,1.05,0.336,0.11,19.33,0.3,65.43005297,-164.692883,134.026062,80,0.390238095,514249.319,7256419.248,135.92421,0.0030086,0.133119889,0.039342962,141,0.124885376,2.51E-06,-0.024789399,0.031688361,4.22E-07,0.00323945,136.87476,0.001308573,0.006562184,-0.000796182,0.015964158,-0.002358699,0.025955989,7.5641456,119.868355,0.112045504,137.58337,0.070683842,2202.185,0.001491861
KR_Pit5_110cm,KR_Pit5,80,110,10,11.95,1.05,0.689,0.11,17.33,0.3,65.43005297,-164.692883,134.026062,110,0.31152381,514249.319,7256419.248,135.92421,0.0030086,0.133119889,0.039342962,141,0.124885376,2.51E-06,-0.024789399,0.031688361,4.22E-07,0.00323945,136.87476,0.001308573,0.006562184,-0.000796182,0.015964158,-0.002358699,0.025955989,7.5641456,119.868355,0.112045504,137.58337,0.070683842,2202.185,0.001491861
KR_Pit5_120cm,KR_Pit5,110,120,10,4.46,1.05,0.199,0.11,22.41,0.3,65.43005297,-164.692883,134.026062,120,0.831904762,514249.319,7256419.248,135.92421,0.0030086,0.133119889,0.039342962,141,0.124885376,2.51E-06,-0.024789399,0.031688361,4.22E-07,0.00323945,136.87476,0.001308573,0.006562184,-0.000796182,0.015964158,-0.002358699,0.025955989,7.5641456,119.868355,0.112045504,137.58337,0.070683842,2202.185,0.001491861
KR_Pit5_140cm,KR_Pit5,120,140,10,5.04,0.39,0.251,0.05,20.07,0.22,65.43005297,-164.692883,134.026062,140,0.801333333,514249.319,7256419.248,135.92421,0.0030086,0.133119889,0.039342962,141,0.124885376,2.51E-06,-0.024789399,0.031688361,4.22E-07,0.00323945,136.87476,0.001308573,0.006562184,-0.000796182,0.015964158,-0.002358699,0.025955989,7.5641456,119.868355,0.112045504,137.58337,0.070683842,2202.185,0.001491861
KR_Pit5_170cm,KR_Pit5,140,170,10,5.8,1.05,0.288,0.11,20.18,0.3,65.43005297,-164.692883,134.026062,170,0.800761905,514249.319,7256419.248,135.92421,0.0030086,0.133119889,0.039342962,141,0.124885376,2.51E-06,-0.024789399,0.031688361,4.22E-07,0.00323945,136.87476,0.001308573,0.006562184,-0.000796182,0.015964158,-0.002358699,0.025955989,7.5641456,119.868355,0.112045504,137.58337,0.070683842,2202.185,0.001491861
KR_Pit5_190cm,KR_Pit5,170,190,10,4.22,0.39,0.269,0.05,15.72,0.22,65.43005297,-164.692883,134.026062,190,0.608380952,514249.319,7256419.248,135.92421,0.0030086,0.133119889,0.039342962,141,0.124885376,2.51E-06,-0.024789399,0.031688361,4.22E-07,0.00323945,136.87476,0.001308573,0.006562184,-0.000796182,0.015964158,-0.002358699,0.025955989,7.5641456,119.868355,0.112045504,137.58337,0.070683842,2202.185,0.001491861
KR_Pit5_230cm,KR_Pit5,190,230,10,9.04,0.39,0.449,0.05,20.14,0.22,65.43005297,-164.692883,134.026062,230,0.661666667,514249.319,7256419.248,135.92421,0.0030086,0.133119889,0.039342962,141,0.124885376,2.51E-06,-0.024789399,0.031688361,4.22E-07,0.00323945,136.87476,0.001308573,0.006562184,-0.000796182,0.015964158,-0.002358699,0.025955989,7.5641456,119.868355,0.112045504,137.58337,0.070683842,2202.185,0.001491861